date,open,high,low,close,adjClose
2010/1/4,62.63,63.07,62.31,62.78,54.9
2010/1/5,62.66,62.75,62.19,62.3,54.48
2010/1/6,62.2,62.41,61.06,61.45,53.74
2010/1/7,61.25,62.34,61.11,61.9,54.13
2010/1/8,62.27,62.41,61.6,61.84,54.08
2010/1/11,62.02,62.43,61.85,62.32,54.5
2010/1/12,62.03,62.66,62,62.66,54.8
2010/1/13,62.86,63.29,62.56,62.59,54.73
2010/1/14,62.56,62.73,62.09,62.65,54.79
2010/1/15,62.67,62.98,62.05,62.28,54.46
2010/1/19,62.9,63.82,62.77,63.48,55.51
2010/1/20,63.49,63.6,62.75,63.01,55.1
2010/1/21,62.97,63.6,62.8,63.2,55.27
2010/1/22,63.23,64.78,62.81,63.39,55.43
2010/1/25,63.34,63.6,62.92,63.09,55.17
2010/1/26,62.75,64,62.75,63.81,55.8
2010/1/27,63.67,64,63.3,63.73,55.73
2010/1/28,63.85,63.87,62.75,62.83,54.94
2010/1/29,62.82,63.22,62.39,62.43,54.59
2010/2/1,62.83,63.97,62.83,63.89,55.87
2010/2/2,63.87,64.05,63.35,64.03,55.99
2010/2/3,64.63,65.75,64.61,65.21,57.03
2010/2/4,65.19,65.27,64.02,64.06,56.02
2010/2/5,64.07,64.34,62.63,63.37,55.42
2010/2/8,63.48,63.8,62.92,62.92,55.02
2010/2/9,63.15,63.85,62.77,63.57,55.59
2010/2/10,63.54,63.83,62.97,63.25,55.31
2010/2/11,63.25,63.84,62.54,63.79,55.78
2010/2/12,63.21,63.89,63.19,63.59,55.61
2010/2/16,63.5,64.18,63.28,64.01,55.98
2010/2/17,64.21,64.35,63.77,64.26,56.19
2010/2/18,64.11,64.62,64,64.48,56.39
2010/2/19,64.46,64.89,64.3,64.74,56.61
2010/2/22,64.93,64.93,64.63,64.77,56.64
2010/2/23,64.78,65.05,64.7,64.87,56.73
2010/2/24,64.96,65.55,64.77,65.26,57.07
2010/2/25,64.29,64.64,63.76,64.38,56.78
2010/2/26,64.46,64.73,63.85,63.85,56.31
2010/3/1,63.98,64.14,63.67,63.98,56.42
2010/3/2,64.42,64.42,63.91,64.07,56.5
2010/3/3,64.25,64.34,63.45,63.63,56.12
2010/3/4,63.79,63.79,63.3,63.43,55.94
2010/3/5,63.72,63.76,63.25,63.67,56.15
2010/3/8,64.41,65.54,64.23,65.12,57.43
2010/3/9,64.99,65.5,64.84,65.1,57.41
2010/3/10,65.02,65.24,64.73,64.94,57.27
2010/3/11,64.8,65.21,64.67,65.21,57.51
2010/3/12,65.46,65.98,65.36,65.53,57.79
2010/3/15,65.7,66.19,65.69,65.93,58.14
2010/3/16,66.22,66.24,65.8,66.07,58.27
2010/3/17,66.23,66.44,65.87,66.38,58.54
2010/3/18,66.47,66.74,66.36,66.68,58.81
2010/3/19,66.89,66.91,66,66.53,58.67
2010/3/22,66.07,67.25,65.9,67.01,59.1
2010/3/23,67.14,67.35,66.83,67.35,59.4
2010/3/24,66.99,67.19,66.58,66.8,58.91
2010/3/25,67.13,67.44,66.84,66.9,59
2010/3/26,67.09,67.45,66.93,67.26,59.32
2010/3/29,67.46,67.48,66.59,67.07,59.15
2010/3/30,67.11,67.49,66.92,67.24,59.3
2010/3/31,67.15,67.39,66.63,66.72,58.84
2010/4/1,67.06,67.71,67.06,67.58,59.6
2010/4/5,67.76,68.2,67.76,68.03,60
2010/4/6,67.77,67.96,67.65,67.81,59.8
2010/4/7,67.8,68.13,67.26,67.7,59.71
2010/4/8,67.9,69.03,67.87,68.76,60.64
2010/4/9,68.66,68.77,68.14,68.68,60.57
2010/4/12,68.77,68.85,68.37,68.53,60.44
2010/4/13,68.68,69.05,68.31,68.92,60.78
2010/4/14,69.18,69.53,69.05,69.42,61.22
2010/4/15,69.31,69.49,68.97,69.16,60.99
2010/4/16,69.11,69.28,68.33,69.03,60.88
2010/4/19,69,69.97,68.99,69.92,61.66
2010/4/20,69.98,70.59,69.95,70.34,62.03
2010/4/21,70.62,71.19,70.05,70.36,62.05
2010/4/22,70.25,71.47,70.12,71.03,62.64
2010/4/23,71.22,71.35,70.75,71.15,62.75
2010/4/26,71.3,71.42,70.73,71.02,62.63
2010/4/27,70.71,71.33,70.4,70.53,62.2
2010/4/28,70.48,70.73,69.76,70.34,62.03
2010/4/29,70.58,71.7,70.58,71.52,63.07
2010/4/30,71.53,71.71,70.39,70.59,62.25
2010/5/3,70.88,71.84,70.65,71.42,62.99
2010/5/4,71.15,71.3,70.3,70.64,62.3
2010/5/5,70.4,71.06,70.13,70.66,62.32
2010/5/6,70.45,71.49,67.49,69.42,61.22
2010/5/7,69.02,69.32,67.42,68.01,59.98
2010/5/10,70.07,71.05,69.75,70.58,62.25
2010/5/11,70.17,71.1,70.13,70.48,62.16
2010/5/12,70.73,70.94,70.15,70.67,62.32
2010/5/13,70.71,71.3,70.45,70.5,62.18
2010/5/14,70.28,70.45,69.1,69.59,61.37
2010/5/17,69.82,70.25,69.35,70.14,61.86
2010/5/18,70.53,70.81,69.84,70.02,61.75
2010/5/19,69.66,69.95,68.9,69.4,61.2
2010/5/20,68.54,69.36,67.63,67.66,59.67
2010/5/21,67.07,68.04,65.55,67.86,59.85
2010/5/24,67.84,68.51,67.26,67.66,59.67
2010/5/25,66.59,67.84,66.2,67.84,59.83
2010/5/26,67.89,68.06,66,66.01,58.22
2010/5/27,66.41,67.2,66.02,67.2,59.76
2010/5/28,67.24,67.63,66.75,66.87,59.47
2010/6/1,66.23,67.31,66.04,66.36,59.02
2010/6/2,66.53,67.8,66.2,67.77,60.27
2010/6/3,67.8,68.25,67.44,67.85,60.34
2010/6/4,66.82,68.09,66.52,66.7,59.32
2010/6/7,66.64,67.82,66.25,66.75,59.36
2010/6/8,67.16,68.45,65.81,68.38,60.81
2010/6/9,68.68,68.9,68.04,68.26,60.71
2010/6/10,68.98,69.41,68.71,69.37,61.69
2010/6/11,68.86,69.55,68.75,69.54,61.84
2010/6/14,69.95,69.98,69.3,69.3,61.63
2010/6/15,69.94,70.49,69.85,70.4,62.61
2010/6/16,70.06,70.5,70.01,70.29,62.51
2010/6/17,70.55,70.58,69.38,70.05,62.3
2010/6/18,70.25,70.43,69.81,69.88,62.15
2010/6/21,70.27,70.5,69.77,69.92,62.18
2010/6/22,70.01,70.37,68.55,68.64,61.04
2010/6/23,68.82,69.3,68.47,68.63,61.03
2010/6/24,68.43,68.54,67.61,67.73,60.23
2010/6/25,67.71,68.29,67.37,67.42,59.96
2010/6/28,67.58,67.89,67.25,67.33,59.88
2010/6/29,66.61,66.79,66.09,66.46,59.1
2010/6/30,66.29,66.84,65.8,65.87,58.58
2010/7/1,66.72,66.9,65.31,66.71,59.33
2010/7/2,66.75,67,65.96,66.14,58.82
2010/7/6,66.52,67.1,65.63,66.11,58.79
2010/7/7,66.09,67.37,66,67.31,59.86
2010/7/8,67.8,69.15,67.55,69.02,61.38
2010/7/9,69.08,69.33,68.75,69.22,61.56
2010/7/12,68.96,70,68.96,69.94,62.2
2010/7/13,70.44,71.07,70.12,70.84,63
2010/7/14,70.5,70.98,70.16,70.9,63.05
2010/7/15,70.9,71.46,70.43,71.33,63.44
2010/7/16,71.16,71.28,69.86,69.94,62.2
2010/7/19,69.97,70.38,69.45,69.91,62.17
2010/7/20,69.47,70.96,69.44,70.87,63.03
2010/7/21,70.93,71,69.65,70.11,62.35
2010/7/22,70.51,71.54,70.51,71.4,63.5
2010/7/23,70.76,71.17,68.94,69.9,62.16
2010/7/26,70.04,70.87,69.9,70.87,63.03
2010/7/27,71.03,71.03,69.99,70.4,62.61
2010/7/28,70.21,70.38,69.37,69.77,62.05
2010/7/29,70.2,70.25,68.9,69.38,61.7
2010/7/30,68.92,69.98,68.59,69.73,62.01
2010/8/2,70.5,70.5,69.93,70.25,62.48
2010/8/3,70.21,70.84,70.06,70.45,62.65
2010/8/4,70.38,70.95,70.21,70.69,62.87
2010/8/5,70.5,70.5,69.84,70.45,62.65
2010/8/6,70.16,71.8,70.02,71.74,63.8
2010/8/9,72.41,73.34,72.35,72.92,64.85
2010/8/10,72.5,72.98,71.97,72.84,64.78
2010/8/11,72.01,72.32,71.5,71.57,63.65
2010/8/12,71.04,72.15,71.04,72.06,64.08
2010/8/13,71.69,72.47,71.69,71.89,63.93
2010/8/16,71.76,72.12,71.54,71.79,63.84
2010/8/17,72.08,73.64,71.74,73.22,65.12
2010/8/18,73.23,73.82,72.8,73.25,65.14
2010/8/19,73.15,73.4,72.45,72.97,64.89
2010/8/20,72.87,73.2,72.68,73.08,64.99
2010/8/23,73.53,73.94,73.33,73.34,65.22
2010/8/24,72.75,73.1,72.19,72.72,64.67
2010/8/25,72.3,73.45,72.3,73.19,65.09
2010/8/26,73.69,73.76,73.11,73.16,65.06
2010/8/27,73.47,74.07,72.86,73.99,65.8
2010/8/30,73.31,73.47,72.74,72.74,65.17
2010/8/31,72.56,73.32,72.55,73.06,65.46
2010/9/1,73.92,74.6,73.72,74.54,66.79
2010/9/2,74.75,75.06,74.29,75.02,67.22
2010/9/3,74.9,75.35,74.42,75.09,67.28
2010/9/7,74.97,75.98,74.93,75.8,67.92
2010/9/8,75.94,76.26,75.75,76.08,68.17
2010/9/9,74.34,76.08,73.66,74.37,66.63
2010/9/10,74.19,75.13,74.18,75.01,67.21
2010/9/13,75.25,75.34,74.01,74.57,66.81
2010/9/14,74.47,74.57,73.81,73.94,66.25
2010/9/15,73.72,74.83,73.71,74.71,66.94
2010/9/16,74.62,74.9,74.35,74.8,67.02
2010/9/17,74.6,74.79,74.13,74.32,66.59
2010/9/20,74.32,75.35,74.3,75.11,67.3
2010/9/21,75.32,75.75,74.88,75.51,67.66
2010/9/22,75.36,75.78,75,75.13,67.32
2010/9/23,75.16,75.43,74.58,74.64,66.88
2010/9/24,75.4,75.44,74.94,75.1,67.29
2010/9/27,75.23,75.39,74.75,74.76,66.98
2010/9/28,74.96,74.96,74.22,74.63,66.87
2010/9/29,74.57,74.75,74.3,74.45,66.71
2010/9/30,74.52,74.97,73.87,74.51,66.76
2010/10/1,75.04,75.2,74.54,74.92,67.13
2010/10/4,74.91,75.13,74.4,74.95,67.15
2010/10/5,75.39,75.96,75.25,75.82,67.93
2010/10/6,75.79,75.95,75.4,75.56,67.7
2010/10/7,75.51,75.99,75.51,75.86,67.97
2010/10/8,75.91,76.31,75.64,76.1,68.18
2010/10/11,76.01,76.25,75.27,75.59,67.73
2010/10/12,75.71,75.82,74.88,75.58,67.72
2010/10/13,75.89,76.07,75.41,75.75,67.87
2010/10/14,75.77,77.09,75.67,77.04,69.03
2010/10/15,77.47,77.77,76.93,77.48,69.42
2010/10/18,77.54,77.94,77.16,77.32,69.28
2010/10/19,77.08,77.62,76.68,76.99,68.98
2010/10/20,77.27,78.14,77.17,77.41,69.36
2010/10/21,78.44,79.48,78.27,78.44,70.28
2010/10/22,78.05,78.75,77.85,78.55,70.38
2010/10/25,78.99,79.25,78.63,78.7,70.51
2010/10/26,78.59,79,78.58,78.76,70.57
2010/10/27,78.46,78.62,77,77.48,69.42
2010/10/28,77.72,77.77,77.12,77.48,69.42
2010/10/29,77.6,79.9,77.4,77.77,69.68
2010/11/1,78.06,78.63,77.37,77.88,69.78
2010/11/2,78.39,78.76,78.27,78.4,70.25
2010/11/3,78.41,78.71,77.82,78.5,70.33
2010/11/4,79.12,79.47,78.84,79.18,70.94
2010/11/5,79.39,79.39,78.8,79.3,71.05
2010/11/8,78.94,79.4,78.7,79.31,71.06
2010/11/9,79.19,79.25,78.71,79.1,70.87
2010/11/10,79.07,79.58,78.66,79.5,71.23
2010/11/11,79.36,79.85,79.32,79.7,71.41
2010/11/12,79.3,79.45,78.14,78.85,70.65
2010/11/15,78.98,79.38,78.77,79.07,70.85
2010/11/16,78.6,78.64,77.12,77.42,69.37
2010/11/17,77.43,78.52,77.43,78.37,70.22
2010/11/18,78.63,79.48,78.63,79.02,70.8
2010/11/19,79.12,79.66,78.76,79.64,71.36
2010/11/22,79.37,79.53,79.06,79.52,71.25
2010/11/23,79.05,79.2,78.44,79.01,70.79
2010/11/24,79.37,79.67,79.25,79.48,71.21
2010/11/26,79.24,79.27,78.54,78.54,70.37
2010/11/29,77.94,78.47,77.15,78.26,70.67
2010/11/30,77.76,78.73,77.5,78.3,70.7
2010/12/1,79.14,79.58,79.1,79.29,71.6
2010/12/2,79.47,79.65,79.22,79.38,71.68
2010/12/3,79.31,79.79,79.05,79.76,72.02
2010/12/6,79.69,79.94,79.4,79.58,71.86
2010/12/7,79.96,80.94,79.9,80.34,72.55
2010/12/8,78.83,78.95,78.12,78.74,71.1
2010/12/9,79.2,79.21,77.45,77.61,70.08
2010/12/10,77.65,77.84,77.32,77.56,70.04
2010/12/13,77.74,77.76,77.08,77.11,69.63
2010/12/14,77.05,77.37,76.91,77.11,69.63
2010/12/15,77.23,77.45,76.91,76.98,69.51
2010/12/16,77.19,77.19,76.53,76.71,69.27
2010/12/17,76.71,76.96,76.62,76.81,69.36
2010/12/20,76.95,77.06,76.82,76.92,69.46
2010/12/21,77.14,77.14,76.51,76.86,69.4
2010/12/22,77.04,77.37,76.91,77.01,69.54
2010/12/23,77.01,77.11,76.76,76.96,69.49
2010/12/27,76.73,76.75,76.23,76.43,69.02
2010/12/28,76.44,76.61,75.94,76.43,69.02
2010/12/29,76.75,77.5,76.63,76.99,69.52
2010/12/30,76.86,77.05,76.52,76.76,69.31
2010/12/31,76.71,76.86,76.34,76.76,69.31
2011/1/3,77.1,77.59,76.6,76.6,69.17
2011/1/4,75.74,75.91,74.11,74.31,67.1
2011/1/5,74.68,74.9,74.31,74.66,67.42
2011/1/6,74.9,74.94,74.08,74.21,67.01
2011/1/7,74.35,74.58,73.59,74.37,67.16
2011/1/10,74.25,74.46,73.52,73.56,66.42
2011/1/11,73.84,74.49,73.57,73.9,66.73
2011/1/12,74.37,74.37,73.46,73.6,66.46
2011/1/13,73.44,73.55,72.46,72.67,65.62
2011/1/14,72.4,74.12,72.14,74.06,66.88
2011/1/18,74.65,75.36,74.31,74.68,67.44
2011/1/19,75.1,75.44,74.75,75.35,68.04
2011/1/20,75.39,75.74,74.68,75.16,67.87
2011/1/21,75.75,75.75,74.64,75.01,67.73
2011/1/24,74.25,75.85,74.15,75.38,68.07
2011/1/25,75.54,75.68,75,75.48,68.16
2011/1/26,75.59,75.71,75.15,75.17,67.88
2011/1/27,75.43,75.45,74.34,74.35,67.14
2011/1/28,74.37,74.73,73.05,73.28,66.17
2011/1/31,73.8,73.98,73.35,73.67,66.52
2011/2/1,74.22,74.26,73.2,73.47,66.34
2011/2/2,73.49,73.76,73.08,73.64,66.5
2011/2/3,73.84,74.27,73.81,73.83,66.67
2011/2/4,73.73,74.5,73.64,74.05,66.87
2011/2/7,74.13,74.35,73.3,73.45,66.33
2011/2/8,74.37,75.97,74.2,75.36,68.05
2011/2/9,75.5,75.99,75.18,75.93,68.56
2011/2/10,75.98,76.32,75.53,75.76,68.41
2011/2/11,75.8,76.23,75.51,76.14,68.75
2011/2/14,76.07,76.45,75.83,76.24,68.84
2011/2/15,75.87,76.34,75.8,76.15,68.76
2011/2/16,76.28,76.34,75.76,76.02,68.65
2011/2/17,75.91,76.13,75.7,75.98,68.61
2011/2/18,76.08,76.32,75.37,76.13,68.75
2011/2/22,75.95,76.44,75.52,75.7,68.36
2011/2/23,75.97,76.45,74.59,75.19,67.9
2011/2/24,74.98,75.33,74.55,75.21,67.91
2011/2/25,74.9,75.34,74.42,74.44,67.77
2011/2/28,74.51,75.87,74.51,75.68,68.9
2011/3/1,75.71,75.91,74.71,74.89,68.18
2011/3/2,74.66,74.8,73.64,74.69,68
2011/3/3,75.26,76.63,75.17,76.24,69.41
2011/3/4,76.11,76.6,75.56,76.03,69.22
2011/3/7,76.38,77.24,75.94,76.29,69.45
2011/3/8,75.73,76.05,74.97,75.54,68.77
2011/3/9,75.68,76,75.2,75.78,68.99
2011/3/10,75.64,77.25,75.29,76.68,69.81
2011/3/11,76.36,77.04,76,76.73,69.85
2011/3/14,76.1,76.41,75.46,75.67,68.89
2011/3/15,74.5,75.67,74.34,75.12,68.39
2011/3/16,74.74,74.75,73.17,73.38,66.8
2011/3/17,74.13,74.19,73.12,73.4,66.82
2011/3/18,73.48,73.79,72.89,72.99,66.45
2011/3/21,73.5,74.23,73.38,73.76,67.15
2011/3/22,74,74.3,73.53,73.87,67.25
2011/3/23,73.75,74.65,73.67,74.53,67.85
2011/3/24,74.6,75,74.49,74.93,68.21
2011/3/25,75,75.75,74.76,75.25,68.51
2011/3/28,75.55,75.63,75,75,68.28
2011/3/29,74.87,75.45,74.87,75.37,68.62
2011/3/30,75.5,76.04,75.46,75.81,69.02
2011/3/31,75.84,76.45,75.76,76.09,69.27
2011/4/1,76.3,76.5,75.87,75.99,69.18
2011/4/4,76.31,76.5,76.14,76.39,69.54
2011/4/5,76.26,76.74,75.97,76.6,69.74
2011/4/6,76.78,76.91,76.46,76.72,69.84
2011/4/7,76.34,76.74,75.66,76.01,69.2
2011/4/8,76.25,76.38,75.78,76.04,69.23
2011/4/11,76.16,76.5,76,76.25,69.42
2011/4/12,75.83,76.96,75.83,76.66,69.79
2011/4/13,76.97,77.46,76.5,76.89,70
2011/4/14,76.72,77.22,76.45,77.07,70.16
2011/4/15,77.29,77.54,76.66,77.38,70.45
2011/4/18,76.89,77.36,76.4,77,70.1
2011/4/19,76.88,77,76.43,76.6,69.74
2011/4/20,77.18,78.41,77.17,78.4,71.37
2011/4/21,77.4,77.69,76.5,76.91,70.02
2011/4/25,77.15,77.25,76.54,77.13,70.22
2011/4/26,77.2,77.34,76.55,76.94,70.04
2011/4/27,77.41,77.96,77.01,77.87,70.89
2011/4/28,78,78.44,77.52,78.03,71.04
2011/4/29,78.04,78.59,77.77,78.31,71.29
2011/5/2,78.4,78.93,78.35,78.64,71.59
2011/5/3,78.63,79.09,78.51,78.94,71.87
2011/5/4,78.91,79.31,78.82,79.07,71.98
2011/5/5,78.84,79.18,78.2,78.6,71.56
2011/5/6,78.83,79.37,78.65,78.7,71.65
2011/5/9,79.46,79.82,79.08,79.31,72.2
2011/5/10,79.52,79.85,79.27,79.71,72.57
2011/5/11,79.68,79.97,79.17,79.51,72.38
2011/5/12,79.3,80.71,79.11,80.66,73.43
2011/5/13,80.59,80.91,80.38,80.74,73.5
2011/5/16,80.44,81.25,80.44,81.14,73.87
2011/5/17,80.7,81.29,80.44,80.93,73.68
2011/5/18,80.9,81.5,80.73,81.5,74.2
2011/5/19,81.6,82.63,81.37,82.51,75.12
2011/5/20,82.79,82.85,81.99,82.33,74.95
2011/5/23,81.53,82.7,81.49,82.5,75.11
2011/5/24,82.65,83.08,82.41,82.64,75.23
2011/5/25,82.72,82.99,82.51,82.72,75.31
2011/5/26,82.87,82.97,82.2,82.43,75.04
2011/5/27,82.13,82.2,81.27,81.62,74.86
2011/5/31,82.13,82.25,81.28,81.54,74.79
2011/6/1,81.47,81.74,80.98,80.98,74.27
2011/6/2,80.95,81.27,80.46,80.75,74.06
2011/6/3,80.1,80.95,80.01,80.54,73.87
2011/6/6,80.6,81.47,80.43,80.7,74.02
2011/6/7,81.05,82.23,80.96,81.14,74.42
2011/6/8,80.18,81.5,80,81.15,74.43
2011/6/9,81.15,81.61,80.62,81.26,74.53
2011/6/10,81.21,81.38,80.28,80.36,73.7
2011/6/13,80.73,81.32,80.39,80.73,74.04
2011/6/14,81.06,81.85,80.8,81.47,74.72
2011/6/15,81.22,81.89,81.11,81.24,74.51
2011/6/16,81.38,81.93,80.9,81.81,75.03
2011/6/17,82.22,82.72,81.85,82.52,75.68
2011/6/20,82.32,82.97,82.11,82.69,75.84
2011/6/21,82.77,83.07,82.49,82.8,75.94
2011/6/22,82.85,83.09,82.48,82.65,75.8
2011/6/23,82.06,82.34,81.4,82.29,75.47
2011/6/24,82.29,82.65,81.72,81.84,75.06
2011/6/27,81.51,82.5,81.51,82.32,75.5
2011/6/28,82.46,84.41,82.42,84.35,77.36
2011/6/29,84.41,84.66,84.1,84.57,77.57
2011/6/30,84.7,84.91,84.24,84.32,77.34
2011/7/1,84.16,85.79,84.15,85.65,78.56
2011/7/5,85.41,85.99,85.33,85.64,78.55
2011/7/6,85.64,86.28,85.3,85.86,78.75
2011/7/7,86,86.29,85.66,86.06,78.93
2011/7/8,85.6,85.9,85.25,85.6,78.51
2011/7/11,85.32,85.86,85.1,85.35,78.28
2011/7/12,85.2,86.05,84.97,84.99,77.95
2011/7/13,85.25,85.76,84.81,84.96,77.92
2011/7/14,86.02,86.46,85.56,85.81,78.7
2011/7/15,85.88,86.05,84.92,85.48,78.4
2011/7/18,85.48,85.93,85.15,85.4,78.33
2011/7/19,85.7,86.26,85.56,86.21,79.07
2011/7/20,86.22,86.58,85.9,86.27,79.12
2011/7/21,86.67,87.04,86.02,86.54,79.37
2011/7/22,88.5,89.57,88.44,88.56,81.22
2011/7/25,87.96,89,87.78,88.12,80.82
2011/7/26,88.06,88.45,87.83,88.02,80.73
2011/7/27,87.92,88.18,87.08,87.09,79.88
2011/7/28,86.99,87.77,86.67,86.78,79.59
2011/7/29,86.15,86.85,85.82,86.48,79.32
2011/8/1,87.49,87.49,85.6,86.39,79.23
2011/8/2,86.04,86.58,85.03,85.06,78.01
2011/8/3,85.11,85.81,85,85.54,78.45
2011/8/4,85.39,86.46,84.25,84.28,77.3
2011/8/5,84.71,85.53,82.75,85.08,78.03
2011/8/8,83.63,84.94,82.01,82.11,75.31
2011/8/9,83.46,86.03,82.57,85.96,78.84
2011/8/10,84.93,85.46,83.61,84.08,77.12
2011/8/11,84.73,86.97,84.44,86.28,79.13
2011/8/12,86.59,86.94,85.78,86.5,79.34
2011/8/15,86.82,86.87,85.76,86.82,79.63
2011/8/16,86.45,87.19,85.68,86.67,79.49
2011/8/17,87.14,87.51,86.44,87.5,80.25
2011/8/18,86.56,87.27,84.68,85.61,78.52
2011/8/19,85.82,88.43,85.82,87.23,80
2011/8/22,88.21,88.89,87.33,87.76,80.49
2011/8/23,87.76,89.56,87.75,89.53,82.11
2011/8/24,89.06,90.15,88.54,90.13,82.66
2011/8/25,90.06,90.46,88.36,88.71,81.36
2011/8/26,88.65,90.49,87.83,89.93,82.48
2011/8/29,90.6,90.82,90.07,90.79,83.27
2011/8/30,90.24,91.22,90.1,90.78,83.82
2011/8/31,91.06,91.2,90.02,90.41,83.48
2011/9/1,90.27,91.09,90.03,90.07,83.17
2011/9/2,89.46,89.93,89.01,89.09,82.26
2011/9/6,87.42,88.95,87.07,88.82,82.01
2011/9/7,89.48,89.48,88.62,89.29,82.45
2011/9/8,89.16,90,88.61,88.61,81.82
2011/9/9,86.29,86.46,83.65,85.03,78.51
2011/9/12,84.44,86.2,84.16,86.19,79.59
2011/9/13,86.17,86.3,85.17,86.12,79.52
2011/9/14,86.3,87.79,85.44,86.75,80.1
2011/9/15,87.55,88.24,87.37,88.07,81.32
2011/9/16,88.26,88.76,88.04,88.29,81.52
2011/9/19,87.61,89.22,87.54,88.81,82
2011/9/20,89.24,90.56,89,89.31,82.47
2011/9/21,89.26,89.72,87.48,87.52,80.81
2011/9/22,85.84,86.97,85.1,85.99,79.4
2011/9/23,86.1,87.85,85.75,87.37,80.68
2011/9/26,87.96,89.47,86.73,89.34,82.49
2011/9/27,90.24,91,89.4,89.74,82.86
2011/9/28,89.74,90.38,87.98,88.03,81.28
2011/9/29,89.45,89.82,87.38,88.78,81.98
2011/9/30,87.99,90.17,87.81,87.82,81.09
2011/10/3,87.43,87.78,86,86.02,79.43
2011/10/4,85.06,86.6,83.74,86.48,79.85
2011/10/5,86.67,86.77,84.9,85.83,79.25
2011/10/6,86.45,87.25,86.07,87.11,80.44
2011/10/7,87.29,87.97,86.59,87.2,80.52
2011/10/10,88.05,88.52,87.61,88.51,81.73
2011/10/11,88.83,89.89,88.67,89.34,82.49
2011/10/12,89.83,89.83,88.03,88.36,81.59
2011/10/13,88.39,89.94,88.28,89.31,82.47
2011/10/14,89.98,89.98,89.14,89.94,83.05
2011/10/17,89.41,89.9,88.51,88.66,81.87
2011/10/18,88.95,90,88.21,89.64,82.77
2011/10/19,89.92,90.63,89.31,89.62,82.75
2011/10/20,90,90.15,88.38,89.01,82.19
2011/10/21,91.22,92.45,91.09,92.32,85.25
2011/10/24,92.07,92.31,91.4,92.01,84.96
2011/10/25,91.86,92.86,91.45,91.77,84.74
2011/10/26,92.38,92.67,90.87,91.78,84.75
2011/10/27,93.31,93.84,92.01,93.51,86.34
2011/10/28,93.49,93.65,92.49,93.29,86.14
2011/10/31,92.78,93.68,92.78,92.85,85.74
2011/11/1,92.31,93.39,91.71,91.91,84.87
2011/11/2,92.33,92.83,91.67,92.53,85.44
2011/11/3,92.83,93.15,92.28,93,85.87
2011/11/4,92.84,93.83,92.3,93.81,86.62
2011/11/7,93.92,94.7,93.22,94.62,87.37
2011/11/8,94.96,95.45,93.84,94.6,87.35
2011/11/9,93.41,93.96,92.35,92.65,85.55
2011/11/10,93.28,93.49,92.59,93.26,86.11
2011/11/11,93.93,94.95,93.86,94.76,87.5
2011/11/14,94.35,94.8,93.86,94.06,86.85
2011/11/15,93.87,94.91,93.7,94.47,87.23
2011/11/16,93.91,94.33,93.07,93.15,86.01
2011/11/17,93.14,93.55,91.72,92.29,85.22
2011/11/18,92.56,93,92.19,92.74,85.63
2011/11/21,92.03,92.62,91.22,92.28,85.21
2011/11/22,91.9,93.14,91.81,92.65,85.55
2011/11/23,92.32,92.5,91.7,91.87,84.83
2011/11/25,91.87,92.45,91.8,92.1,85.04
2011/11/28,93.19,93.99,93.07,93.76,86.58
2011/11/29,93.54,93.79,93.11,93.46,86.95
2011/11/30,94.85,95.54,94.64,95.52,88.86
2011/12/1,95.44,95.88,95.22,95.5,88.85
2011/12/2,96.37,96.47,95.32,95.7,89.03
2011/12/5,96.42,96.59,95.08,95.35,88.71
2011/12/6,95.47,96.27,94.82,96.01,89.32
2011/12/7,95.83,96.65,95.5,96.45,89.73
2011/12/8,97.03,98.29,96.72,96.92,90.17
2011/12/9,97.67,98.43,97.62,98.03,91.2
2011/12/12,97.67,98.53,97.2,98.48,91.62
2011/12/13,98.74,98.95,97.76,98,91.17
2011/12/14,97.76,98.46,97.16,97.61,90.81
2011/12/15,98.51,98.78,97.86,98.14,91.3
2011/12/16,98.54,98.62,97.08,97.49,90.7
2011/12/19,97.92,98.37,96.98,97.24,90.46
2011/12/20,98.07,98.92,97.93,98.82,91.93
2011/12/21,98.98,99.5,98.7,99.2,92.29
2011/12/22,99.24,99.35,98.55,98.6,91.73
2011/12/23,98.84,100.15,98.76,100.15,93.17
2011/12/27,100.17,100.82,100,100.55,93.54
2011/12/28,100.73,100.75,99.46,99.58,92.64
2011/12/29,99.75,101,99.6,100.81,93.79
2011/12/30,100.43,100.82,100.06,100.33,93.34
2012/1/3,101.33,101.59,98.75,98.84,91.95
2012/1/4,99.11,100.3,98.76,99.39,92.46
2012/1/5,99.47,100.4,98.68,99.83,92.87
2012/1/6,100.09,100.77,99.87,100.6,93.59
2012/1/9,100.88,100.93,99.51,99.64,92.7
2012/1/10,100.24,100.45,99.35,99.7,92.75
2012/1/11,99.62,100.11,99.35,99.93,92.97
2012/1/12,100.37,100.65,100.07,100.57,93.56
2012/1/13,100.18,100.43,99.61,100.35,93.36
2012/1/17,100.59,101.2,100.05,100.55,93.54
2012/1/18,100.9,101.87,100.74,101.56,94.48
2012/1/19,101.77,101.8,100.7,101.26,94.2
2012/1/20,101.39,102.22,101.27,101.74,94.65
2012/1/23,101.71,101.89,100.04,100.95,93.92
2012/1/24,101.02,101.02,98.41,98.75,91.87
2012/1/25,98.41,99.51,98.05,99.23,92.32
2012/1/26,99.54,99.71,98.69,99.18,92.27
2012/1/27,98.57,98.94,98.35,98.69,91.81
2012/1/30,98.04,98.81,97.7,98.69,91.81
2012/1/31,99.04,99.26,98.25,99.05,92.15
2012/2/1,99.46,99.49,98.36,98.4,91.54
2012/2/2,98.26,98.82,98.26,98.62,91.75
2012/2/3,99.18,100.27,99.04,100.01,93.04
2012/2/6,99.96,100,99.34,99.49,92.56
2012/2/7,99.57,101.18,99.56,100.91,93.88
2012/2/8,101.12,101.29,99.6,100.05,93.08
2012/2/9,100.06,100.46,99.7,99.99,93.02
2012/2/10,99.52,99.66,98.94,99.47,92.54
2012/2/13,99.72,99.92,99.28,99.65,92.71
2012/2/14,99.51,99.64,98.95,99.55,92.61
2012/2/15,99.66,99.75,98.31,98.61,91.74
2012/2/16,98.36,99.44,98.36,99.26,92.34
2012/2/17,99.66,100.25,99.41,99.99,93.02
2012/2/21,100.12,100.75,100,100.49,93.49
2012/2/22,100.15,100.75,100.15,100.66,93.65
2012/2/23,100.81,101.04,100.4,100.81,93.79
2012/2/24,100.76,100.76,100.05,100.32,93.33
2012/2/27,100.03,100.75,99.5,100.36,93.37
2012/2/28,99.77,100.1,99.5,99.78,93.48
2012/2/29,99.86,99.88,99.26,99.28,93.01
2012/3/1,99.28,99.68,99.14,99.25,92.98
2012/3/2,99.27,99.64,98.96,99.5,93.22
2012/3/5,99.42,100.35,98.84,99.94,93.63
2012/3/6,99.18,100.2,99.1,99.89,93.58
2012/3/7,100,100.44,99.54,100.18,93.85
2012/3/8,97,97.65,96.46,96.96,90.84
2012/3/9,97.45,97.6,96.53,96.84,90.72
2012/3/12,97.05,97.48,96.58,96.66,90.56
2012/3/13,96.99,97.29,96.37,96.78,90.67
2012/3/14,96.69,97.44,96.68,97.29,91.15
2012/3/15,97.15,98.19,97.15,98.04,91.85
2012/3/16,98.42,98.55,97.57,97.66,91.49
2012/3/19,97.36,98.1,97.32,97.73,91.56
2012/3/20,97.46,97.85,97.07,97.65,91.48
2012/3/21,97.53,97.82,96.72,96.72,90.61
2012/3/22,96.13,96.48,95.77,95.8,89.75
2012/3/23,95.91,95.94,95.13,95.55,89.52
2012/3/26,96.16,97.03,96.1,96.97,90.85
2012/3/27,97.29,97.83,97.07,97.34,91.19
2012/3/28,97.52,97.84,97.06,97.08,90.95
2012/3/29,96.95,97.7,96.93,97.64,91.47
2012/3/30,97.88,98.25,97.76,98.1,91.91
2012/4/2,97.82,98.81,97.68,98.36,92.15
2012/4/3,98.31,99.41,98.3,99.4,93.12
2012/4/4,98.25,98.57,97.15,97.48,91.32
2012/4/5,97.13,98.66,97.07,98.62,92.39
2012/4/9,97.74,99.5,97.64,98.88,92.64
2012/4/10,98.78,98.78,97.31,97.67,91.5
2012/4/11,98.29,98.73,97.5,98.56,92.34
2012/4/12,98.72,98.75,97.35,97.64,91.47
2012/4/13,97.52,97.8,96.96,96.97,90.85
2012/4/16,97.09,97.9,96.32,96.58,90.48
2012/4/17,96.92,97.58,96.91,97.11,90.98
2012/4/18,97.02,97.98,97.02,97.34,91.19
2012/4/19,97.16,97.24,94.13,95.28,89.26
2012/4/20,96.91,97.77,95.65,95.94,89.88
2012/4/23,95.78,95.93,94.85,95.19,89.18
2012/4/24,95.01,95.45,94.15,94.59,88.62
2012/4/25,95.15,95.24,94.78,95.22,89.21
2012/4/26,94.94,96.07,94.94,95.83,89.78
2012/4/27,96.23,97.53,95.8,97.38,91.23
2012/4/30,97.61,97.75,97.09,97.45,91.3
2012/5/1,97.23,98.01,97.13,97.2,91.06
2012/5/2,96.9,97.71,96.9,97.51,91.35
2012/5/3,97.47,97.58,96.79,97.04,90.91
2012/5/4,96.85,96.85,95.75,95.87,89.82
2012/5/7,95.73,96.03,95.2,95.51,89.48
2012/5/8,93.9,94.87,92.97,93.55,87.64
2012/5/9,92.99,93.09,91.56,91.93,86.12
2012/5/10,92.7,92.73,91.73,91.87,86.07
2012/5/11,91.69,92.6,91.67,91.9,86.1
2012/5/14,91.54,91.69,90.66,90.88,85.14
2012/5/15,90.99,91.74,90.85,91.01,85.26
2012/5/16,91.12,91.69,90.98,91.43,85.66
2012/5/17,91.28,91.58,89.5,89.62,83.96
2012/5/18,90.21,91.11,89.69,89.85,84.18
2012/5/21,90.01,91.32,89.89,91.27,85.51
2012/5/22,91.96,91.96,91,91.34,85.57
2012/5/23,90.97,91.57,90.67,91.48,85.7
2012/5/24,91.86,92.11,90.83,91.53,85.75
2012/5/25,91.65,91.8,90.81,91.05,85.3
2012/5/29,91.41,91.73,90.26,90.9,85.16
2012/5/30,90.4,90.52,89.85,90.11,84.42
2012/5/31,89.89,90.26,89.26,89.34,84.35
2012/6/1,87.47,88.13,86.5,86.71,81.87
2012/6/4,86.6,86.78,86.01,86.32,81.5
2012/6/5,86.22,87.41,86.01,87.08,82.22
2012/6/6,87.92,88.66,87.44,88.66,83.71
2012/6/7,89.6,89.78,88.01,88.38,83.45
2012/6/8,86.4,88.27,85.92,87.75,82.85
2012/6/11,88.98,89.05,86.59,86.59,81.76
2012/6/12,87,87.59,86.67,87.51,82.63
2012/6/13,86.95,88.94,86.88,87.97,83.06
2012/6/14,88.49,89.92,88.12,89.72,84.71
2012/6/15,90.14,90.76,89.73,90.5,85.45
2012/6/18,90.6,90.62,89.92,90.24,85.2
2012/6/19,89.97,90.25,89.21,89.6,84.6
2012/6/20,89.59,89.67,88.16,88.65,83.7
2012/6/21,89.09,89.15,87.53,87.64,82.75
2012/6/22,88.19,88.59,87.98,88.35,83.42
2012/6/25,88,88.33,87.7,88.12,83.2
2012/6/26,88.57,89.43,88.55,89.1,84.13
2012/6/27,89.26,89.5,88.04,88.33,83.4
2012/6/28,88.02,88.26,87.38,88.18,83.26
2012/6/29,89.08,89.19,88.06,88.53,83.59
2012/7/2,88.41,88.41,87.65,88.08,83.16
2012/7/3,88.21,88.73,87.95,88.58,83.64
2012/7/5,88.79,89.98,88.7,89.3,84.32
2012/7/6,89.22,89.93,89.11,89.66,84.66
2012/7/9,89.64,89.95,89.33,89.8,84.79
2012/7/10,90.03,90.87,89.65,90.25,85.21
2012/7/11,90.68,90.81,89,89.53,84.53
2012/7/12,89.27,92.5,89.19,91.93,86.8
2012/7/13,92.27,92.69,92.07,92.29,87.14
2012/7/16,92.15,92.27,91.5,91.65,86.53
2012/7/17,91.99,92.35,91.21,91.89,86.76
2012/7/18,91.44,92.23,91,92.22,87.07
2012/7/19,92.59,93.32,92.05,92.76,87.58
2012/7/20,92.09,92.29,91.4,91.58,86.47
2012/7/23,89.22,89.85,88.25,88.94,83.98
2012/7/24,89.16,89.47,87.62,88.06,83.15
2012/7/25,88.36,88.46,87.84,88.04,83.13
2012/7/26,89.19,89.47,88.59,89,84.03
2012/7/27,89.34,89.69,88.65,89.19,84.21
2012/7/30,89.32,89.67,89.12,89.33,84.34
2012/7/31,89.11,89.76,88.81,89.36,84.37
2012/8/1,89.49,89.85,89.3,89.43,84.44
2012/8/2,89.07,89.69,88.56,89.59,84.59
2012/8/3,90.17,90.36,89.29,89.59,84.59
2012/8/6,89.77,90.43,89.5,89.69,84.68
2012/8/7,89.71,90.12,88.97,89.01,84.04
2012/8/8,86.87,87.98,86.15,87.53,82.64
2012/8/9,87.58,87.96,87.09,87.15,82.29
2012/8/10,87.25,88.23,87.2,88.2,83.28
2012/8/13,88.46,88.48,87.72,87.9,82.99
2012/8/14,88.07,88.28,87.92,88.12,83.2
2012/8/15,88.27,88.39,87.75,87.81,82.91
2012/8/16,87.94,88.05,87.44,87.46,82.58
2012/8/17,87.68,87.86,87.28,87.36,82.48
2012/8/20,87.17,88.22,87.16,88.17,83.25
2012/8/21,88.26,89,88.05,88.52,83.58
2012/8/22,88.63,88.8,88.26,88.55,83.61
2012/8/23,88.66,88.95,88.13,88.25,83.32
2012/8/24,88.21,89,88.1,88.92,83.96
2012/8/27,89.13,89.82,89.01,89.54,84.54
2012/8/28,89.44,89.75,88.96,89.14,84.16
2012/8/29,89.09,89.81,89.01,89.65,84.65
2012/8/30,88.84,89.02,88.6,88.7,84.41
2012/8/31,89.04,89.86,88.9,89.49,85.16
2012/9/4,89.51,89.51,88.71,89.05,84.74
2012/9/5,89.3,89.46,88.85,89.06,84.75
2012/9/6,89.59,90.79,89.56,90.67,86.28
2012/9/7,91.08,91.08,90.42,91.02,86.62
2012/9/10,90.95,91.5,90.9,91.3,86.88
2012/9/11,91.87,92.1,91.17,91.2,86.79
2012/9/12,91.47,91.65,90.61,90.82,86.43
2012/9/13,90.54,91.89,90.54,91.57,87.14
2012/9/14,91.87,92.12,91.47,91.7,87.26
2012/9/17,91.75,92.43,91.72,92.14,87.68
2012/9/18,92.04,93.1,92,93.08,88.58
2012/9/19,93.24,93.45,92.76,92.83,88.34
2012/9/20,92.78,93.2,92.75,93.15,88.64
2012/9/21,93.63,93.91,93.39,93.71,89.18
2012/9/24,93.33,93.92,93.16,93.71,89.18
2012/9/25,93.91,94,92.82,92.86,88.37
2012/9/26,92.89,93.35,92.88,93.2,88.69
2012/9/27,93.38,93.63,93.12,93.27,88.76
2012/9/28,92.01,92.01,90.4,91.75,87.31
2012/10/1,92.11,92.5,91.89,91.99,87.54
2012/10/2,92.17,92.23,90.72,90.93,86.53
2012/10/3,91.1,91.25,90.27,90.35,85.98
2012/10/4,90.9,91.19,90.59,91.03,86.63
2012/10/5,91.49,91.56,90.7,91,86.6
2012/10/8,90.97,91.65,90.81,91.54,87.11
2012/10/9,91.46,92.6,91.42,92.11,87.65
2012/10/10,92.94,93.37,92.36,92.4,87.93
2012/10/11,92.66,93,92.36,92.36,87.89
2012/10/12,92.57,92.7,92.35,92.51,88.03
2012/10/15,92.78,93.74,92.65,93.5,88.98
2012/10/16,93.97,94.09,93.64,94.09,89.54
2012/10/17,93.96,94.16,93.25,93.68,89.15
2012/10/18,93.67,93.75,92.61,92.86,88.37
2012/10/19,90.07,90.25,88.55,88.72,84.43
2012/10/22,88.86,89.08,87.85,88.45,84.17
2012/10/23,88.02,88.38,87.32,87.96,83.7
2012/10/24,88.45,88.45,87.09,87.28,83.06
2012/10/25,87.78,87.79,86.97,87.33,83.1
2012/10/26,87.46,87.56,86.62,86.71,82.51
2012/10/31,87.48,87.54,86.37,86.8,82.6
2012/11/1,87,87.1,86.4,86.8,82.6
2012/11/2,87.35,87.9,86.76,86.86,82.66
2012/11/5,86.97,87.63,86.7,87.46,83.23
2012/11/6,87.74,88.13,87.63,87.97,83.71
2012/11/7,87.81,87.98,86.7,86.86,82.66
2012/11/8,86.39,87,84.96,85.13,81.01
2012/11/9,84.47,85.1,84.05,84.74,80.64
2012/11/12,84.95,85.3,84.6,84.88,80.77
2012/11/13,84.76,85.28,84.52,84.64,80.55
2012/11/14,84.85,85.61,84.18,84.62,80.53
2012/11/15,84.39,84.74,83.61,84.05,79.98
2012/11/16,84.17,84.39,83.31,84.12,80.05
2012/11/19,84.54,85.05,84.37,85.04,80.93
2012/11/20,85.17,86.17,85.1,85.68,81.53
2012/11/21,86.06,86.26,85.29,86.01,81.85
2012/11/23,86.77,87.07,86.56,87.05,82.84
2012/11/26,86.53,86.67,85.8,86.24,82.07
2012/11/27,86.24,86.46,85.82,85.92,81.76
2012/11/28,85.91,86.66,85.69,86.52,82.33
2012/11/29,86.44,86.98,86.1,86.49,83.04
2012/11/30,86.08,87.31,85.95,87.04,83.57
2012/12/3,87.42,87.43,86.76,87.06,83.59
2012/12/4,86.64,87.38,86.27,87.2,83.73
2012/12/5,87.43,87.97,86.73,86.97,83.51
2012/12/6,87.11,88.39,87.1,88.09,84.58
2012/12/7,89.09,89.14,88.2,88.48,84.96
2012/12/10,89.97,90.17,89.01,89.41,85.85
2012/12/11,89.76,89.81,89,89.62,86.05
2012/12/12,89.87,89.99,89.2,89.31,85.75
2012/12/13,89.27,89.73,88.93,89.17,85.62
2012/12/14,88.84,89.39,88.5,88.88,85.34
2012/12/17,89.14,89.93,89.01,89.91,86.33
2012/12/18,89.99,90.8,89.92,90.52,86.91
2012/12/19,90.73,90.85,89.7,89.71,86.14
2012/12/20,89.97,90.12,89.45,90.04,86.45
2012/12/21,89.65,90.19,89.11,90.18,86.59
2012/12/24,89.59,89.69,89.1,89.29,85.73
2012/12/26,89.12,89.37,88.39,88.74,85.2
2012/12/27,88.9,89.13,87.76,88.72,85.19
2012/12/28,88.24,88.54,87.47,87.58,84.09
2012/12/31,87.42,88.25,86.81,88.21,84.7
2013/1/2,89.4,90.35,89.33,90.12,86.53
2013/1/3,90.31,90.7,90.16,90.63,87.02
2013/1/4,90.62,90.79,89.67,89.85,86.27
2013/1/7,89.77,91.05,89.25,90.91,87.29
2013/1/8,90.54,90.96,89.97,90.94,87.32
2013/1/9,90.8,91.24,90.36,90.81,87.19
2013/1/10,91.35,91.64,91.03,91.4,87.76
2013/1/11,91.94,91.98,91.05,91.73,88.08
2013/1/14,91.76,92.12,91.43,91.53,87.88
2013/1/15,91.11,91.63,90.86,91.51,87.86
2013/1/16,91.13,91.32,90.91,91.1,87.47
2013/1/17,91.45,92.1,91.31,91.76,88.1
2013/1/18,92.07,92.3,91.85,92.26,88.58
2013/1/22,92.15,93.33,91.81,92.95,89.25
2013/1/23,93.45,93.75,92.25,93.48,89.76
2013/1/24,93.58,93.6,93.02,93.31,89.59
2013/1/25,93.31,93.94,93.28,93.72,89.99
2013/1/28,93.94,94.58,93.64,94.36,90.6
2013/1/29,94.15,94.99,94.05,94.92,91.14
2013/1/30,94.88,95.1,94.43,94.67,90.9
2013/1/31,94.6,95.29,94.46,95.29,91.49
2013/2/1,95.58,96.32,95.5,95.95,92.13
2013/2/4,95.4,95.79,94.5,94.6,90.83
2013/2/5,94.59,95.54,94.51,94.91,91.13
2013/2/6,94.49,95.33,94.41,95.07,91.28
2013/2/7,95.03,95.06,94.07,94.63,90.86
2013/2/8,94.39,95.48,94.36,94.87,91.09
2013/2/11,94.75,95.31,94.6,95.17,91.38
2013/2/12,95.05,95.34,94.81,95.1,91.31
2013/2/13,94.64,94.75,93.48,94,90.26
2013/2/14,93.86,93.89,93.19,93.56,89.83
2013/2/15,93.81,94.31,93.21,93.9,90.16
2013/2/19,94.14,94.49,93.77,93.85,90.11
2013/2/20,93.93,94.48,93.75,93.91,90.17
2013/2/21,93.44,94.45,93.3,94.14,90.39
2013/2/22,94.27,95.25,93.85,95.25,91.46
2013/2/25,95.38,96.78,95.26,96.14,92.31
2013/2/26,96.35,96.57,96.05,96.22,92.39
2013/2/27,95.36,95.95,95.11,95.73,92.66
2013/2/28,95.71,96.22,95.51,95.9,92.82
2013/3/1,95.68,95.82,94.96,95.68,92.61
2013/3/4,95.6,95.67,94.87,95.07,92.02
2013/3/5,95.54,96.1,95.33,95.81,92.74
2013/3/6,95.95,96.82,95.93,96.81,93.7
2013/3/7,96.64,97.16,96.64,97.09,93.97
2013/3/8,98.13,98.95,98.03,98.71,95.54
2013/3/11,98.46,98.89,98.28,98.89,95.72
2013/3/12,98.86,98.87,98.53,98.76,95.59
2013/3/13,98.74,99.47,98.54,99.38,96.19
2013/3/14,99.36,99.38,98.9,99.31,96.12
2013/3/15,98.97,99.7,98.82,99.67,96.47
2013/3/18,98.95,99.34,98.21,98.57,95.41
2013/3/19,98.78,98.99,98.2,98.4,95.24
2013/3/20,98.59,98.9,98.59,98.77,95.6
2013/3/21,98.5,98.88,98.42,98.53,95.37
2013/3/22,98.52,99.62,98.52,99.27,96.08
2013/3/25,99.46,99.6,98.12,98.24,95.09
2013/3/26,98.35,98.67,98.26,98.5,95.34
2013/3/27,98.19,99.29,98.18,98.9,95.73
2013/3/28,98.88,99.78,98.67,99.69,96.49
2013/4/1,99.41,99.68,98.85,99.05,95.87
2013/4/2,99.4,100.42,99.03,100.26,97.04
2013/4/3,100.21,100.5,99.06,99.25,96.07
2013/4/4,99.54,100.81,99.53,100.63,97.4
2013/4/5,100.17,101.47,99.81,101.42,98.17
2013/4/8,101.08,101.5,100.85,101.5,98.24
2013/4/9,101.5,101.5,100.57,101.06,97.82
2013/4/10,101.12,101.74,101.01,101.49,98.23
2013/4/11,101.34,102.47,101.34,101.99,98.72
2013/4/12,101.5,103.7,101.5,103.59,100.27
2013/4/15,103.14,103.44,102.13,102.15,98.87
2013/4/16,102.4,103.05,102.02,103.04,99.73
2013/4/17,102.56,103.11,102,102.54,99.25
2013/4/18,102.08,102.23,100.1,101.91,98.64
2013/4/19,100.58,101.44,99.45,99.92,96.71
2013/4/22,99.35,99.66,98.38,99.32,96.13
2013/4/23,99.27,100.24,99.21,99.76,96.56
2013/4/24,100.09,101.24,100.09,101.02,97.78
2013/4/25,101.27,101.63,100.85,100.94,97.7
2013/4/26,100.83,100.99,100.4,100.89,97.65
2013/4/29,101.56,102.52,101.15,102.18,98.9
2013/4/30,102.27,102.36,101.56,102.14,98.86
2013/5/1,101.98,102.44,101.33,101.38,98.13
2013/5/2,101.46,102.34,101.12,102.06,98.78
2013/5/3,102.92,103.34,102.55,102.92,99.62
2013/5/6,102.76,102.8,102.05,102.07,98.79
2013/5/7,102.09,102.52,101.79,102.29,99.01
2013/5/8,102.28,102.28,100.76,100.95,97.71
2013/5/9,100.78,101.23,99.46,99.69,96.49
2013/5/10,99.95,100.2,99.4,100.2,96.98
2013/5/13,100.02,100.7,99.8,100.38,97.16
2013/5/14,100.48,101.49,100.44,101.2,97.95
2013/5/15,101.3,102.03,101.3,101.95,98.68
2013/5/16,101.58,101.78,100.84,101.12,97.88
2013/5/17,101.1,101.9,100.8,101.54,98.28
2013/5/20,101.24,101.94,101.24,101.54,98.28
2013/5/21,101.65,102.62,101.42,102.14,98.86
2013/5/22,102.18,102.4,101.41,101.74,98.48
2013/5/23,101.14,101.51,100.35,101.03,97.79
2013/5/24,100.66,100.66,99.73,100.29,97.07
2013/5/28,101.06,101.94,100.88,101.24,97.99
2013/5/29,100.64,100.64,98.28,99.05,95.87
2013/5/30,98.42,98.59,96.79,97.07,94.69
2013/5/31,96.89,97.71,96.56,96.57,94.2
2013/6/3,96.77,97.99,96.57,97.96,95.56
2013/6/4,98.01,98.68,97.64,98.37,95.96
2013/6/5,98.13,98.16,96.12,96.42,94.06
2013/6/6,96.39,96.83,95.16,96.68,94.31
2013/6/7,97.06,98.69,97,98.28,95.87
2013/6/10,99.8,100.18,99.12,99.53,97.09
2013/6/11,99.02,99.49,98.07,98.23,95.82
2013/6/12,98.74,99.1,98.07,98.24,95.83
2013/6/13,98.1,99.07,97.87,98.88,96.46
2013/6/14,98.83,99.42,98.23,98.42,96.01
2013/6/17,99.3,99.69,98.3,98.74,96.32
2013/6/18,98.98,100.04,98.95,99.75,97.31
2013/6/19,99.71,100.07,98.53,98.81,96.39
2013/6/20,98.37,98.68,96.62,96.79,94.42
2013/6/21,97.36,97.75,96.89,97.23,94.85
2013/6/24,96.54,97.71,96.02,97.29,94.91
2013/6/25,97.91,97.99,97.14,97.52,95.13
2013/6/26,98.36,99.14,98.04,98.84,96.42
2013/6/27,99.45,99.82,99.13,99.65,97.21
2013/6/28,99.51,100.11,98.93,99,96.57
2013/7/1,99.35,100.3,99.26,99.82,97.37
2013/7/2,99.82,100.5,99.39,99.93,97.48
2013/7/3,99.95,100.56,99.71,100.35,97.89
2013/7/5,100.69,100.84,99.25,99.86,97.41
2013/7/8,100.28,100.5,99.55,99.88,97.43
2013/7/9,100.24,100.37,99.2,99.99,97.54
2013/7/10,100.15,100.36,99.4,99.98,97.53
2013/7/11,100.75,100.96,99.76,100.79,98.32
2013/7/12,100.59,101.81,100.5,101.58,99.09
2013/7/15,101.6,101.73,100.7,100.75,98.28
2013/7/16,100.18,101.12,99.47,100.88,98.41
2013/7/17,100.05,100.35,99.3,100.1,97.65
2013/7/18,100.48,100.77,99.99,100.18,97.72
2013/7/19,100.2,100.41,99.53,100.27,97.81
2013/7/22,97.75,97.93,97.06,97.58,95.19
2013/7/23,97.55,97.72,96.68,96.76,94.39
2013/7/24,97.21,97.4,96.3,96.66,94.29
2013/7/25,96.67,97.59,96.56,97.49,95.1
2013/7/26,97.25,98.08,96.92,98.03,95.63
2013/7/29,97.96,98.03,97.39,97.87,95.47
2013/7/30,98,98.54,97.84,98.37,95.96
2013/7/31,98.32,98.54,97.63,98.08,95.68
2013/8/1,98.62,99.24,98.32,99,96.57
2013/8/2,98.81,99.2,98.45,99.2,96.77
2013/8/5,99.01,99.44,98.83,99.31,96.88
2013/8/6,99.33,99.4,98.37,98.69,96.27
2013/8/7,98.6,98.99,98.27,98.33,95.92
2013/8/8,98.64,98.99,97.44,98.04,95.64
2013/8/9,97.9,98.4,97.07,97.62,95.23
2013/8/12,97.49,97.8,97,97.04,94.66
2013/8/13,97.02,97.1,96.11,96.45,94.09
2013/8/14,96.24,96.37,95.64,96.11,93.75
2013/8/15,95.55,95.91,95.19,95.39,93.05
2013/8/16,95.2,95.5,95.01,95.03,92.7
2013/8/19,95.12,95.99,95.05,95.48,93.14
2013/8/20,95.51,95.9,95.36,95.5,93.16
2013/8/21,95.41,95.82,95.11,95.11,92.78
2013/8/22,95.37,95.69,95.21,95.46,93.12
2013/8/23,95.57,95.68,94.91,95.13,92.8
2013/8/26,95.36,95.94,95.1,95.31,92.97
2013/8/27,94.86,95.19,94.01,94.84,92.52
2013/8/28,95,96.33,95,96.08,93.73
2013/8/29,95.65,95.98,94.7,94.86,93.28
2013/8/30,95,95.13,94.14,94.36,92.79
2013/9/3,95.1,95.28,94.12,94.52,92.95
2013/9/4,94.5,95.36,94.34,95.16,93.58
2013/9/5,95.33,96.46,95.08,95.66,94.07
2013/9/6,95.87,96.75,95.25,96.26,94.66
2013/9/9,96.22,96.79,96.21,96.45,94.85
2013/9/10,97.1,97.36,96.5,96.89,95.28
2013/9/11,96.66,97.46,96.37,97.46,95.84
2013/9/12,97.48,97.85,97.07,97.18,95.56
2013/9/13,97.34,97.65,97.13,97.35,95.73
2013/9/16,97.88,98.17,97.4,97.71,96.09
2013/9/17,97.58,98.36,97.49,97.92,96.29
2013/9/18,97.87,98.99,97.64,98.7,97.06
2013/9/19,98.5,98.51,97,97.92,96.29
2013/9/20,97.7,98.05,96.9,96.9,95.29
2013/9/23,96.97,97.58,96.82,97.28,95.66
2013/9/24,97.14,98.6,96.86,97.78,96.15
2013/9/25,97.8,97.99,97.41,97.62,96
2013/9/26,97.89,98.32,97.79,98.19,96.56
2013/9/27,97.89,97.99,97,97.12,95.51
2013/9/30,96.46,96.69,95.11,96.21,94.61
2013/10/1,96.18,96.39,95.85,96.13,94.53
2013/10/2,95.58,95.88,94.01,95.28,93.7
2013/10/3,95.15,95.21,94.61,94.67,93.1
2013/10/4,94.61,94.8,94.4,94.7,93.13
2013/10/7,94.26,94.8,94.14,94.36,92.79
2013/10/8,94.27,94.58,93.94,93.94,92.38
2013/10/9,93.82,93.96,93.14,93.27,91.72
2013/10/10,94.22,94.44,93.51,94.44,92.87
2013/10/11,94.69,94.8,94.33,94.74,93.16
2013/10/14,94.41,94.88,94.18,94.72,93.15
2013/10/15,93.99,94.2,93.45,93.8,92.24
2013/10/16,94.3,95.24,94.14,95.22,93.64
2013/10/17,95.19,95.52,94.65,95.47,93.88
2013/10/18,95.7,95.7,94.52,95.2,93.62
2013/10/21,93.7,94.85,93.24,94.59,93.02
2013/10/22,94.68,95.49,94.21,95.12,93.54
2013/10/23,95.08,95.2,93.93,94.21,92.64
2013/10/24,94.41,94.81,94.24,94.68,93.11
2013/10/25,94.78,94.95,94.36,94.78,93.2
2013/10/28,94.69,95.72,94.68,95.37,93.78
2013/10/29,95.62,96.1,95.3,96.05,94.45
2013/10/30,96.17,96.45,95.73,96.03,94.43
2013/10/31,96.2,96.7,96.11,96.52,94.92
2013/11/1,96.52,97.5,96.52,97.24,95.62
2013/11/4,97.26,97.5,96.83,97.31,95.69
2013/11/5,97.38,97.75,97.02,97.41,95.79
2013/11/6,97.66,98.19,97.47,97.9,96.27
2013/11/7,97.96,98.09,96.78,97.2,95.58
2013/11/8,97.17,97.3,96.32,97.01,95.4
2013/11/11,96.83,97.49,96.8,97.09,95.48
2013/11/12,97.07,97.76,96.85,97.66,96.04
2013/11/13,97.47,98.12,97.31,98.11,96.48
2013/11/14,98.18,98.7,97.18,97.56,95.94
2013/11/15,97.45,97.71,96.4,96.92,95.31
2013/11/18,96.9,97.79,96.9,97.65,96.03
2013/11/19,97.52,98.29,97.36,97.98,96.35
2013/11/20,97.57,98.05,97.18,97.54,95.92
2013/11/21,97.8,98.09,97.59,97.7,96.08
2013/11/22,97.84,98.51,97.37,98.27,96.64
2013/11/25,98.75,99.27,98.65,98.92,97.28
2013/11/26,98.8,99.09,98.15,98.2,96.57
2013/11/27,97.62,97.66,96.95,97.06,96.24
2013/11/29,97.25,97.6,97.08,97.37,96.55
2013/12/2,97.29,97.29,96.33,96.51,95.69
2013/12/3,96.75,96.75,96.07,96.38,95.57
2013/12/4,95.66,96.13,95.36,95.71,94.9
2013/12/5,95.37,95.82,95.2,95.43,94.62
2013/12/6,95.94,96.95,95.9,96.8,95.98
2013/12/9,96.13,96.5,95.45,95.72,94.91
2013/12/10,95.69,95.7,95.07,95.43,94.62
2013/12/11,95.51,95.72,95.17,95.26,94.46
2013/12/12,95.4,95.68,94.04,94.1,93.31
2013/12/13,94.19,94.62,94.05,94.44,93.64
2013/12/16,94.97,95.78,94.9,95.45,94.64
2013/12/17,95.44,95.58,94.27,94.38,93.58
2013/12/18,94.66,95.95,94.57,95.93,95.12
2013/12/19,95.88,96.3,94.93,95.14,94.34
2013/12/20,95.46,96.51,95.34,96.51,95.69
2013/12/23,96.72,96.95,96.05,96.3,95.49
2013/12/24,96.14,96.75,96.14,96.54,95.72
2013/12/26,96.77,96.91,96.63,96.84,96.02
2013/12/27,96.87,97.28,96.8,96.91,96.09
2013/12/30,96.88,97.15,96.79,97.01,96.19
2013/12/31,96.95,97.08,96.63,97.03,96.21
2014/1/2,96.81,97.03,96.26,96.41,95.6
2014/1/3,96.9,97.03,96.5,96.54,95.72
2014/1/6,96.62,96.62,95.52,95.85,95.04
2014/1/7,96.38,97.08,96.13,96.38,95.57
2014/1/8,95.55,95.71,95,95.41,94.6
2014/1/9,96.24,96.35,95.25,95.46,94.65
2014/1/10,95.83,96.22,95.64,95.8,94.99
2014/1/13,95.83,95.83,94.59,94.83,94.03
2014/1/14,94.81,95.4,94.8,95.22,94.42
2014/1/15,95.49,95.67,95.15,95.46,94.65
2014/1/16,95.4,96.3,95.19,96.06,95.25
2014/1/17,96.02,96.13,94.77,94.93,94.13
2014/1/21,95.36,95.96,95.01,95.08,94.28
2014/1/22,95.07,95.32,94.69,94.88,94.08
2014/1/23,94.55,95.95,94.5,95.32,94.51
2014/1/24,94.73,95.96,94.39,94.43,93.63
2014/1/27,94.29,94.68,93.92,94.07,93.28
2014/1/28,94.33,94.64,94.1,94.18,93.38
2014/1/29,93.96,94.3,92.87,93.15,92.36
2014/1/30,93.39,94,92.93,93.8,93.01
2014/1/31,93.05,94.55,92.95,94.17,93.37
2014/2/3,94.54,94.74,92.91,93.02,92.23
2014/2/4,92.86,93.47,92.59,93.09,92.3
2014/2/5,92.8,93.84,92.22,93.58,92.79
2014/2/6,93.87,95.19,93.69,94.94,94.14
2014/2/7,95.09,95.95,94.62,95.92,95.11
2014/2/10,95.75,95.93,94.52,94.86,94.06
2014/2/11,95.06,95.84,94.83,95.34,94.53
2014/2/12,95.44,95.67,94.79,94.89,94.09
2014/2/13,94.69,95.58,94.5,95.46,94.65
2014/2/14,95.3,95.97,95.11,95.78,94.97
2014/2/18,96.03,96.57,95.54,96.02,95.21
2014/2/19,95.78,96.66,95.46,95.55,94.74
2014/2/20,95.66,96.11,95.49,95.75,94.94
2014/2/21,96.04,97,96.04,96.45,95.64
2014/2/24,96.43,96.94,96.24,96.5,95.68
2014/2/25,96.46,96.72,95.89,96.62,95.8
2014/2/26,96.63,96.74,95.71,95.89,95.08
2014/2/27,95.24,95.41,94.65,95.08,95.08
2014/2/28,95.11,95.46,94.86,95.15,95.15
2014/3/3,94.24,94.8,94,94.32,94.32
2014/3/4,95.25,95.27,94.86,94.98,94.98
2014/3/5,95.34,95.61,94.94,95.02,95.02
2014/3/6,95.06,95.67,94.75,95.58,95.58
2014/3/7,95.74,95.79,94.97,95.5,95.5
2014/3/10,95.26,95.68,94.97,95.2,95.2
2014/3/11,95.94,98.92,95.71,98.78,98.78
2014/3/12,98.41,99.07,98.15,98.71,98.71
2014/3/13,98.9,98.9,97.01,97.37,97.37
2014/3/14,97.33,97.89,97.01,97.58,97.58
2014/3/17,98.14,98.2,97.46,97.6,97.6
2014/3/18,97.8,97.99,97.22,97.31,97.31
2014/3/19,97.27,97.29,95.78,96.1,96.1
2014/3/20,95.94,96.95,95.81,96.6,96.6
2014/3/21,97.22,97.4,95.47,95.47,95.47
2014/3/24,96.09,96.74,95.99,96.18,96.18
2014/3/25,96.44,96.49,95.83,95.91,95.91
2014/3/26,96.04,96.57,95.84,95.84,95.84
2014/3/27,95.77,96.36,95.52,96.16,96.16
2014/3/28,96.27,97.44,96.21,97.24,97.24
